multa_id,patente,fecha,hora,velocidad_registrada,velocidad_maxima,ubicacion,radar_id,estado_multa,exceso_velocidad_real,exceso_velocidad
3,WU341A,2022-07-17,09:01,107.0,60,AV LIBERTADOR,R03,PAGADA,47.0,50.0
8,BP717,2023-01-11,08:01,70.0,60,AV SIEMPRE VIVA,R01,PAGADA,10.0,13.0
17,5777770,2020-01-29,09:02,93.0,40,AV SIEMPRE VIVA,R02,APELADA,53.0,55.0
22,RFH373,2020-10-15,09:02,121.0,80,AV LIBERTADOR,R01,IMPAGA,41.0,45.0
24,XIIUME,2021-06-12,08:01,52.0,40,AV SIEMPRE VIVA,R03,IMPAGA,12.0,14.0
40,VTIIAHV,2023-04-30,09:03,71.0,60,AV LIBERTADOR,R03,APELADA,11.0,14.0
41,6611172,2022-02-26,08:02,109.0,60,AV LIBERTADOR,R02,PAGADA,49.0,52.0
50,GCP332,2023-12-08,08:02,66.0,40,AV SIEMPRE VIVA,R02,APELADA,26.0,28.0
51,BB8986,2023-04-18,08:03,90.0,80,RUTA 9,R02,IMPAGA,10.0,14.0
57,NTHGLFT,2022-05-26,09:04,93.0,80,AV SIEMPRE VIVA,R02,PAGADA,13.0,17.0
59,FD1475,2022-01-07,14:03,59.0,40,RUTA 9,R02,PAGADA,19.0,21.0
69,VNK296GP,2021-05-25,18:02,77.0,40,RUTA 9,R03,IMPAGA,37.0,39.0
71,RFH373,2021-07-14,09:05,116.0,80,AV LIBERTADOR,R01,PAGADA,36.0,40.0
72,HK06YMX,2021-05-30,14:03,104.0,60,AV SIEMPRE VIVA,R02,PAGADA,44.0,47.0
81,8B90638,2022-04-10,18:03,108.0,60,AV SIEMPRE VIVA,R03,IMPAGA,48.0,51.0
82,5777770,2020-02-13,09:05,60.0,40,AV SIEMPRE VIVA,R01,PAGADA,20.0,22.0
93,3646HBH,2022-04-23,08:04,73.0,60,AV LIBERTADOR,R01,IMPAGA,13.0,16.0
101,RFH373,2022-12-05,14:04,101.0,40,AV LIBERTADOR,R01,PAGADA,61.0,63.0
136,2999961,2023-01-03,08:06,40.0,40,AV SIEMPRE VIVA,R01,PAGADA,0.0,2.0
145,GOOGLE,2022-05-09,18:06,42.0,40,AV LIBERTADOR,R02,APELADA,2.0,4.0
146,T0YDR,2022-07-03,18:07,125.0,80,AV LIBERTADOR,R02,APELADA,45.0,49.0
150,INTIGR8,2020-01-04,08:07,100.0,60,AV SIEMPRE VIVA,R03,APELADA,40.0,43.0
161,990XYK,2020-04-26,09:08,82.0,60,AV LIBERTADOR,R01,APELADA,22.0,25.0
162,NTHGLFT,2020-06-10,08:07,118.0,60,AV LIBERTADOR,R03,IMPAGA,58.0,61.0
170,WEFLYN,2021-01-18,18:08,88.0,80,AV LIBERTADOR,R02,PAGADA,8.0,12.0
172,810TCH,2020-02-08,14:05,110.0,40,RUTA 9,R03,APELADA,70.0,72.0
178,WU341A,2020-11-18,09:09,70.0,60,RUTA 9,R02,PAGADA,10.0,13.0
190,VNK296GP,2020-03-03,09:10,153.0,80,AV LIBERTADOR,R01,PAGADA,73.0,77.0
193,3646HBH,2021-04-03,09:10,117.0,40,AV SIEMPRE VIVA,R01,PAGADA,77.0,79.0
200,5777770,2022-09-13,14:06,85.0,60,RUTA 9,R02,PAGADA,25.0,28.0
204,6611172,2020-04-18,14:06,93.0,80,AV LIBERTADOR,R03,PAGADA,13.0,17.0
214,0695DVH,2023-03-30,18:09,61.0,60,AV LIBERTADOR,R03,APELADA,1.0,4.0
216,M431ZW,2022-03-07,09:11,109.0,60,RUTA 9,R03,APELADA,49.0,52.0
221,RFH373,2021-11-24,09:11,156.0,80,AV SIEMPRE VIVA,R02,APELADA,76.0,80.0
229,8B90638,2022-06-16,18:10,104.0,60,AV LIBERTADOR,R01,PAGADA,44.0,47.0
231,AI7OVF,2021-04-05,14:07,108.0,60,AV LIBERTADOR,R03,APELADA,48.0,51.0
236,831MDB,2020-09-05,08:09,70.0,60,RUTA 9,R03,PAGADA,10.0,13.0
240,W326AVE,2020-07-31,08:10,100.0,80,AV SIEMPRE VIVA,R01,APELADA,20.0,24.0
247,GN64OTP,2022-01-18,18:11,141.0,80,RUTA 9,R02,APELADA,61.0,65.0
249,6611172,2020-04-13,08:10,78.0,60,AV LIBERTADOR,R02,APELADA,18.0,21.0
259,HAMSTUR,2021-09-30,14:09,141.0,80,AV SIEMPRE VIVA,R03,PAGADA,61.0,65.0
263,990XYK,2020-11-03,18:12,98.0,60,AV SIEMPRE VIVA,R02,PAGADA,38.0,41.0
275,WEFLYN,2022-03-15,14:09,139.0,80,AV LIBERTADOR,R03,APELADA,59.0,63.0
294,810TCH,2023-11-09,18:14,82.0,40,RUTA 9,R03,IMPAGA,42.0,44.0
306,XIIUME,2023-07-26,08:12,133.0,80,AV SIEMPRE VIVA,R02,IMPAGA,53.0,57.0
307,409,2023-01-06,18:14,96.0,40,RUTA 9,R01,PAGADA,56.0,58.0
311,CBMUK,2023-04-02,09:13,120.0,40,RUTA 9,R01,PAGADA,80.0,82.0
315,MPX9357,2020-02-10,09:14,104.0,60,AV LIBERTADOR,R03,IMPAGA,44.0,47.0
329,UM96201,2021-11-17,18:15,133.0,60,RUTA 9,R03,APELADA,73.0,76.0
330,FVIOUHP,2022-06-30,08:13,61.0,60,RUTA 9,R03,PAGADA,1.0,4.0
340,T0YDR,2021-10-25,18:15,105.0,40,AV LIBERTADOR,R03,APELADA,65.0,67.0
342,6611172,2023-12-03,09:16,79.0,40,AV LIBERTADOR,R03,APELADA,39.0,41.0
354,HF58HXP,2020-12-25,14:12,105.0,80,AV LIBERTADOR,R01,APELADA,25.0,29.0
356,MX60NZA,2022-09-11,09:16,67.0,60,AV LIBERTADOR,R02,PAGADA,7.0,10.0
371,8B90638,2023-10-10,18:17,90.0,40,RUTA 9,R01,IMPAGA,50.0,52.0
380,691XC80,2023-09-29,09:18,103.0,80,AV LIBERTADOR,R01,APELADA,23.0,27.0
385,409,2021-07-14,08:14,45.0,40,AV LIBERTADOR,R02,APELADA,5.0,7.0
389,GE1466,2023-02-18,14:13,112.0,80,AV LIBERTADOR,R03,IMPAGA,32.0,36.0
407,6EVY261,2022-06-20,08:15,115.0,60,RUTA 9,R01,PAGADA,55.0,58.0
408,MVU4688,2022-06-15,18:18,91.0,40,AV LIBERTADOR,R02,IMPAGA,51.0,53.0
414,YLO8WUE,2021-02-19,09:20,59.0,40,AV LIBERTADOR,R02,IMPAGA,19.0,21.0
419,T0YDR,2020-07-18,08:15,61.0,60,RUTA 9,R02,APELADA,1.0,4.0
421,XIIUME,2020-04-25,08:15,115.0,40,RUTA 9,R02,PAGADA,75.0,77.0
422,XIIUME,2024-01-17,18:19,116.0,60,AV SIEMPRE VIVA,R01,IMPAGA,56.0,59.0
428,GN64OTP,2023-07-01,09:20,68.0,60,RUTA 9,R03,APELADA,8.0,11.0
432,6NCE831,2023-06-20,09:21,88.0,80,RUTA 9,R01,PAGADA,8.0,12.0
449,CD05601,2023-09-23,09:21,99.0,80,AV LIBERTADOR,R02,IMPAGA,19.0,23.0
456,XIIUME,2020-05-05,18:21,116.0,80,AV LIBERTADOR,R02,IMPAGA,36.0,40.0
473,2999961,2021-03-29,18:22,99.0,60,AV SIEMPRE VIVA,R03,IMPAGA,39.0,42.0
479,PIW4215,2022-11-03,18:22,94.0,80,AV LIBERTADOR,R01,PAGADA,14.0,18.0
481,831MDB,2020-01-06,09:23,93.0,80,RUTA 9,R03,IMPAGA,13.0,17.0
484,UM96201,2023-04-14,08:17,77.0,40,AV SIEMPRE VIVA,R02,IMPAGA,37.0,39.0
488,6611172,2020-03-31,14:15,100.0,60,AV LIBERTADOR,R03,PAGADA,40.0,43.0
490,81ZFJD,2020-04-10,09:23,62.0,40,AV SIEMPRE VIVA,R03,IMPAGA,22.0,24.0
492,M431ZW,2020-05-29,09:23,62.0,40,AV SIEMPRE VIVA,R02,APELADA,22.0,24.0
497,BB8986,2020-07-14,14:16,150.0,80,AV SIEMPRE VIVA,R02,IMPAGA,70.0,74.0
506,691XC80,2023-12-31,14:16,53.0,40,AV LIBERTADOR,R01,PAGADA,13.0,15.0
511,409,2021-04-05,08:18,62.0,60,RUTA 9,R01,APELADA,2.0,5.0
514,9999868,2022-02-09,09:24,71.0,40,AV SIEMPRE VIVA,R02,APELADA,31.0,33.0
518,GOOGLE,2023-11-12,18:24,146.0,80,AV SIEMPRE VIVA,R01,APELADA,66.0,70.0
519,WU08YWC,2022-10-15,08:18,100.0,40,AV LIBERTADOR,R01,IMPAGA,60.0,62.0
524,HF3461,2020-01-28,18:24,87.0,80,AV LIBERTADOR,R03,IMPAGA,7.0,11.0
529,589222,2020-01-10,18:25,77.0,80,RUTA 9,R01,APELADA,-3.0,1.0
541,WEFLYN,2020-06-25,08:19,118.0,40,RUTA 9,R03,APELADA,78.0,80.0
555,HAMSTUR,2023-02-19,14:18,98.0,40,AV LIBERTADOR,R01,APELADA,58.0,60.0
565,6NCE831,2021-12-16,14:19,134.0,80,AV LIBERTADOR,R02,APELADA,54.0,58.0
581,8B90638,2021-11-17,18:26,107.0,60,AV LIBERTADOR,R03,APELADA,47.0,50.0
582,INTIGR8,2020-06-14,14:20,95.0,60,AV SIEMPRE VIVA,R01,APELADA,35.0,38.0
583,DK414N,2020-07-04,08:21,76.0,60,AV SIEMPRE VIVA,R03,APELADA,16.0,19.0
593,B81JKY,2022-06-01,18:27,141.0,80,AV SIEMPRE VIVA,R02,PAGADA,61.0,65.0
600,WEFLYN,2021-01-16,14:20,153.0,80,AV LIBERTADOR,R03,IMPAGA,73.0,77.0
608,FD1475,2020-10-21,08:22,113.0,80,AV LIBERTADOR,R02,APELADA,33.0,37.0
616,HF58HXP,2022-10-22,14:21,76.0,60,AV SIEMPRE VIVA,R02,PAGADA,16.0,19.0
637,FVIOUHP,2021-03-30,08:23,139.0,60,AV SIEMPRE VIVA,R03,IMPAGA,79.0,82.0
639,MPX9357,2022-11-28,14:21,134.0,60,RUTA 9,R02,IMPAGA,74.0,77.0
643,YLO8WUE,2023-02-02,14:22,87.0,60,AV SIEMPRE VIVA,R02,PAGADA,27.0,30.0
647,HK06YMX,2020-09-30,14:22,95.0,80,RUTA 9,R03,IMPAGA,15.0,19.0
648,TL03GOG,2022-02-14,09:30,85.0,60,RUTA 9,R03,IMPAGA,25.0,28.0
652,HAMSTUR,2022-06-10,14:22,75.0,40,AV SIEMPRE VIVA,R03,PAGADA,35.0,37.0
664,PIW4215,2022-03-08,18:30,73.0,40,RUTA 9,R02,IMPAGA,33.0,35.0
665,J1S1,2023-04-18,08:24,75.0,60,RUTA 9,R02,PAGADA,15.0,18.0
671,T0YDR,2022-03-09,09:31,52.0,40,RUTA 9,R03,PAGADA,12.0,14.0
675,WEFLYN,2023-08-21,14:23,104.0,60,AV LIBERTADOR,R03,PAGADA,44.0,47.0
681,TL03GOG,2020-10-11,09:32,63.0,60,AV LIBERTADOR,R03,APELADA,3.0,6.0
699,DK414N,2022-05-28,09:33,133.0,60,RUTA 9,R02,APELADA,73.0,76.0
700,PIW4215,2022-08-22,09:33,96.0,80,AV SIEMPRE VIVA,R03,PAGADA,16.0,20.0
701,FVIOUHP,2020-08-31,09:33,61.0,60,AV LIBERTADOR,R02,PAGADA,1.0,4.0
714,9999868,2021-01-25,09:34,149.0,80,AV SIEMPRE VIVA,R01,PAGADA,69.0,73.0
718,831MDB,2020-11-22,08:25,135.0,60,AV LIBERTADOR,R02,APELADA,75.0,78.0
720,RFH373,2023-08-21,08:25,116.0,80,AV LIBERTADOR,R03,APELADA,36.0,40.0
730,AWS167,2022-06-01,08:26,40.0,40,AV LIBERTADOR,R02,PAGADA,0.0,2.0
732,CT5B876,2021-11-01,14:25,88.0,80,AV SIEMPRE VIVA,R01,IMPAGA,8.0,12.0
734,FVIOUHP,2020-12-03,08:26,111.0,80,AV SIEMPRE VIVA,R03,PAGADA,31.0,35.0
737,AWS167,2021-01-28,14:25,118.0,60,AV SIEMPRE VIVA,R01,APELADA,58.0,61.0
752,T0YDR,2022-04-08,18:34,126.0,60,AV SIEMPRE VIVA,R02,IMPAGA,66.0,69.0
759,VTIIAHV,2023-06-04,08:27,118.0,60,AV LIBERTADOR,R02,APELADA,58.0,61.0
773,DI2LOT,2020-07-17,08:28,115.0,40,AV LIBERTADOR,R03,APELADA,75.0,77.0
776,J1S1,2022-04-21,18:36,89.0,40,RUTA 9,R01,IMPAGA,49.0,51.0
784,BB8986,2022-01-28,18:36,82.0,60,RUTA 9,R02,IMPAGA,22.0,25.0
792,589222,2021-09-25,18:37,153.0,80,AV SIEMPRE VIVA,R02,APELADA,73.0,77.0
793,CBMUK,2022-02-09,09:36,93.0,60,AV LIBERTADOR,R03,IMPAGA,33.0,36.0
807,W326AVE,2023-08-15,08:30,82.0,60,RUTA 9,R02,APELADA,22.0,25.0
816,DK414N,2020-08-22,09:37,117.0,80,AV LIBERTADOR,R03,IMPAGA,37.0,41.0
819,6EVY261,2024-01-07,09:37,135.0,80,AV LIBERTADOR,R01,IMPAGA,55.0,59.0
842,AI7OVF,2020-11-19,14:30,54.0,40,AV LIBERTADOR,R03,PAGADA,14.0,16.0
847,UM96201,2021-06-18,18:38,135.0,60,AV SIEMPRE VIVA,R02,APELADA,75.0,78.0
850,6EVY261,2020-06-11,09:39,98.0,80,AV LIBERTADOR,R01,IMPAGA,18.0,22.0
851,6EVY261,2023-10-16,09:39,117.0,40,AV LIBERTADOR,R02,IMPAGA,77.0,79.0
855,NTHGLFT,2022-09-16,09:40,108.0,40,AV LIBERTADOR,R01,APELADA,68.0,70.0
862,6NCE831,2023-09-26,18:39,59.0,60,AV LIBERTADOR,R03,PAGADA,-1.0,2.0
872,990XYK,2024-01-08,14:31,80.0,40,RUTA 9,R01,PAGADA,40.0,42.0
873,INTIGR8,2020-05-18,14:32,113.0,60,AV LIBERTADOR,R02,PAGADA,53.0,56.0
882,BB8986,2022-07-16,14:32,124.0,80,AV LIBERTADOR,R01,APELADA,44.0,48.0
884,6NCE831,2022-07-02,09:41,69.0,60,AV LIBERTADOR,R01,APELADA,9.0,12.0
888,9999868,2023-04-07,09:41,53.0,40,AV LIBERTADOR,R01,IMPAGA,13.0,15.0
890,BP717,2022-08-23,08:33,133.0,60,AV LIBERTADOR,R03,APELADA,73.0,76.0
897,MVU4688,2023-09-01,08:33,90.0,60,AV LIBERTADOR,R03,IMPAGA,30.0,33.0
900,BM351,2020-09-04,08:34,85.0,40,AV SIEMPRE VIVA,R01,PAGADA,45.0,47.0
909,691XC80,2022-09-12,08:34,117.0,80,AV LIBERTADOR,R02,IMPAGA,37.0,41.0
914,UM96201,2021-05-06,18:41,96.0,80,AV LIBERTADOR,R01,APELADA,16.0,20.0
915,J1S1,2022-05-29,08:34,105.0,60,RUTA 9,R03,IMPAGA,45.0,48.0
923,8B90638,2022-07-30,08:35,111.0,80,RUTA 9,R03,PAGADA,31.0,35.0
947,CT5B876,2020-06-18,09:43,39.0,40,AV SIEMPRE VIVA,R01,APELADA,-1.0,1.0
949,NHZ1002,2020-03-15,08:36,127.0,60,AV SIEMPRE VIVA,R01,APELADA,67.0,70.0
967,INTIGR8,2021-11-06,08:38,81.0,60,AV LIBERTADOR,R03,IMPAGA,21.0,24.0
976,9999868,2023-05-05,14:35,109.0,60,AV SIEMPRE VIVA,R01,PAGADA,49.0,52.0
977,BB8986,2022-03-14,09:44,81.0,60,RUTA 9,R02,PAGADA,21.0,24.0
979,XIIUME,2023-06-18,14:36,68.0,60,AV SIEMPRE VIVA,R03,APELADA,8.0,11.0
983,YLO8WUE,2023-10-07,18:44,59.0,40,AV SIEMPRE VIVA,R01,APELADA,19.0,21.0
992,TL03GOG,2020-01-14,08:39,128.0,60,AV LIBERTADOR,R01,IMPAGA,68.0,71.0
995,VY90540,2021-03-27,14:36,89.0,60,AV LIBERTADOR,R03,IMPAGA,29.0,32.0
1007,T0YDR,2022-12-03,09:45,89.0,60,AV LIBERTADOR,R03,IMPAGA,29.0,32.0
1009,HF3461,2023-02-15,18:45,132.0,80,AV SIEMPRE VIVA,R03,APELADA,52.0,56.0
1019,HAMSTUR,2020-11-27,18:45,71.0,60,AV LIBERTADOR,R03,IMPAGA,11.0,14.0
1022,831MDB,2021-10-03,09:46,153.0,80,AV LIBERTADOR,R01,IMPAGA,73.0,77.0
1026,81ZFJD,2021-02-08,08:40,119.0,40,RUTA 9,R03,APELADA,79.0,81.0
1032,MVU4688,2020-01-22,09:46,138.0,60,RUTA 9,R03,IMPAGA,78.0,81.0
1035,VY90540,2023-09-24,08:41,118.0,40,AV LIBERTADOR,R02,PAGADA,78.0,80.0
1062,UM96201,2023-08-10,18:47,93.0,60,AV LIBERTADOR,R03,PAGADA,33.0,36.0
1063,409,2024-01-02,14:39,126.0,80,RUTA 9,R01,IMPAGA,46.0,50.0
1074,T0YDR,2023-10-10,09:48,157.0,80,AV SIEMPRE VIVA,R02,IMPAGA,77.0,81.0
1079,UW3932,2022-11-27,18:48,141.0,80,AV LIBERTADOR,R01,IMPAGA,61.0,65.0
1085,81ZFJD,2023-06-08,18:48,123.0,80,AV LIBERTADOR,R01,IMPAGA,43.0,47.0
1089,UW3932,2021-03-02,08:43,153.0,80,AV LIBERTADOR,R01,IMPAGA,73.0,77.0
1091,FVIOUHP,2022-05-08,14:40,142.0,80,AV LIBERTADOR,R01,APELADA,62.0,66.0
1094,TL03GOG,2022-07-01,14:40,113.0,60,RUTA 9,R01,PAGADA,53.0,56.0
1095,GE1466,2021-02-15,14:41,86.0,40,RUTA 9,R03,PAGADA,46.0,48.0
1101,6EVY261,2022-03-09,18:49,47.0,40,AV SIEMPRE VIVA,R01,APELADA,7.0,9.0
1120,T0YDR,2020-09-28,18:50,68.0,40,AV LIBERTADOR,R03,IMPAGA,28.0,30.0
1148,WU08YWC,2021-03-01,14:42,146.0,80,AV LIBERTADOR,R03,IMPAGA,66.0,70.0
1162,6NCE831,2022-02-10,08:46,62.0,40,AV LIBERTADOR,R01,PAGADA,22.0,24.0
1164,AWS167,2020-02-03,08:46,85.0,40,RUTA 9,R01,IMPAGA,45.0,47.0
1165,409,2023-03-20,09:51,111.0,40,AV LIBERTADOR,R03,IMPAGA,71.0,73.0
1167,81ZFJD,2021-10-18,09:51,113.0,40,AV SIEMPRE VIVA,R02,IMPAGA,73.0,75.0
1176,409,2020-06-01,08:47,90.0,80,RUTA 9,R03,APELADA,10.0,14.0
1181,NHZ1002,2020-11-13,18:51,71.0,40,RUTA 9,R03,APELADA,31.0,33.0
1197,GOOGLE,2023-02-13,08:47,67.0,60,AV LIBERTADOR,R02,PAGADA,7.0,10.0
1209,GN64OTP,2021-07-13,09:53,118.0,80,AV LIBERTADOR,R02,PAGADA,38.0,42.0
1230,GCP332,2020-06-08,09:54,111.0,40,AV LIBERTADOR,R01,IMPAGA,71.0,73.0
1231,BHRP770,2022-12-11,14:44,115.0,60,AV LIBERTADOR,R02,APELADA,55.0,58.0
1255,T0YDR,2020-12-01,09:54,139.0,60,AV LIBERTADOR,R03,APELADA,79.0,82.0
1257,J1S1,2023-08-09,08:50,60.0,40,AV LIBERTADOR,R01,IMPAGA,20.0,22.0
1258,AWS167,2020-11-05,09:55,107.0,40,AV SIEMPRE VIVA,R01,APELADA,67.0,69.0
1260,FD1475,2022-01-23,08:50,79.0,60,AV SIEMPRE VIVA,R02,IMPAGA,19.0,22.0
1263,M431ZW,2021-02-19,09:55,120.0,60,RUTA 9,R03,APELADA,60.0,63.0
1266,990XYK,2022-05-24,18:55,109.0,40,RUTA 9,R01,PAGADA,69.0,71.0
1270,UW3932,2023-07-14,08:51,117.0,80,RUTA 9,R03,IMPAGA,37.0,41.0
1284,5777770,2022-04-11,18:56,64.0,40,AV SIEMPRE VIVA,R02,IMPAGA,24.0,26.0
1286,NHZ1002,2020-05-20,08:52,79.0,40,AV SIEMPRE VIVA,R03,IMPAGA,39.0,41.0
1301,589222,2020-12-17,14:47,122.0,60,AV SIEMPRE VIVA,R02,PAGADA,62.0,65.0
1304,8B90638,2021-01-11,09:56,94.0,80,RUTA 9,R02,APELADA,14.0,18.0
1305,BM351,2020-08-12,08:53,81.0,40,AV LIBERTADOR,R02,PAGADA,41.0,43.0
1309,2999961,2023-05-12,14:47,122.0,60,AV LIBERTADOR,R01,PAGADA,62.0,65.0
1310,DK414N,2023-11-26,09:56,153.0,80,AV LIBERTADOR,R03,PAGADA,73.0,77.0
1318,GCP332,2023-02-09,09:56,125.0,80,AV LIBERTADOR,R03,APELADA,45.0,49.0
1326,VY90540,2022-09-24,18:57,145.0,80,AV LIBERTADOR,R03,APELADA,65.0,69.0
1329,GOOGLE,2020-03-31,18:57,46.0,40,AV LIBERTADOR,R01,PAGADA,6.0,8.0
1330,VNK296GP,2020-12-05,08:54,107.0,80,RUTA 9,R01,APELADA,27.0,31.0
1332,UM96201,2021-03-27,18:57,91.0,60,AV LIBERTADOR,R02,APELADA,31.0,34.0
1337,MVU4688,2023-12-26,18:57,122.0,60,AV LIBERTADOR,R03,IMPAGA,62.0,65.0
1340,9999868,2021-03-22,08:55,128.0,80,AV SIEMPRE VIVA,R03,APELADA,48.0,52.0
1349,GOOGLE,2023-12-31,18:58,49.0,40,RUTA 9,R02,PAGADA,9.0,11.0
1354,W326AVE,2021-01-11,14:48,117.0,60,RUTA 9,R03,IMPAGA,57.0,60.0
1359,0695DVH,2020-12-29,09:58,126.0,60,AV SIEMPRE VIVA,R03,PAGADA,66.0,69.0
1361,6NCE831,2022-04-10,08:55,75.0,60,AV LIBERTADOR,R01,IMPAGA,15.0,18.0
1370,CBMUK,2023-01-25,09:58,112.0,80,AV SIEMPRE VIVA,R03,APELADA,32.0,36.0
1380,BM351,2021-03-08,08:56,90.0,80,RUTA 9,R01,PAGADA,10.0,14.0
1391,UM96201,2023-01-08,08:57,94.0,80,RUTA 9,R03,PAGADA,14.0,18.0
1393,5777770,2023-06-22,14:50,40.0,40,AV SIEMPRE VIVA,R02,APELADA,0.0,2.0
1396,CBMUK,2023-11-29,08:57,69.0,40,RUTA 9,R02,PAGADA,29.0,31.0
1398,TL03GOG,2023-03-15,14:50,86.0,60,RUTA 9,R01,IMPAGA,26.0,29.0
1412,GE1466,2022-07-11,14:51,117.0,60,AV SIEMPRE VIVA,R03,PAGADA,57.0,60.0
1414,HAMSTUR,2023-11-21,14:51,147.0,80,AV SIEMPRE VIVA,R02,IMPAGA,67.0,71.0
1419,W326AVE,2020-01-28,10:00,72.0,40,RUTA 9,R02,APELADA,32.0,34.0
1420,6NCE831,2022-07-01,14:52,108.0,60,AV SIEMPRE VIVA,R03,PAGADA,48.0,51.0
1434,NTHGLFT,2022-04-23,19:02,122.0,60,AV LIBERTADOR,R01,PAGADA,62.0,65.0
1443,WU341A,2021-07-10,10:01,136.0,60,AV SIEMPRE VIVA,R01,APELADA,76.0,79.0
1449,CT5B876,2020-03-28,08:59,96.0,40,AV SIEMPRE VIVA,R02,PAGADA,56.0,58.0
1453,409,2022-03-20,14:53,65.0,40,AV LIBERTADOR,R03,IMPAGA,25.0,27.0
1458,VNK296GP,2023-12-21,19:03,99.0,60,AV LIBERTADOR,R01,PAGADA,39.0,42.0
1468,BHRP770,2021-02-09,09:00,95.0,80,AV SIEMPRE VIVA,R02,IMPAGA,15.0,19.0
1490,M20CPR,2020-07-01,14:55,93.0,80,RUTA 9,R01,IMPAGA,13.0,17.0
1491,UW3932,2021-11-14,09:02,118.0,60,AV SIEMPRE VIVA,R03,IMPAGA,58.0,61.0
1495,FVIOUHP,2021-07-03,10:02,119.0,60,AV SIEMPRE VIVA,R01,PAGADA,59.0,62.0
1499,NHZ1002,2023-05-29,10:02,56.0,40,RUTA 9,R01,APELADA,16.0,18.0
1500,NTHGLFT,2022-03-23,19:05,81.0,60,RUTA 9,R02,APELADA,21.0,24.0
1505,990XYK,2023-04-03,10:03,117.0,40,RUTA 9,R01,APELADA,77.0,79.0
1513,NTHGLFT,2023-04-17,10:03,114.0,80,RUTA 9,R01,PAGADA,34.0,38.0
1521,HAMSTUR,2022-09-12,09:02,94.0,40,AV SIEMPRE VIVA,R03,APELADA,54.0,56.0
1526,TL03GOG,2020-03-08,10:04,133.0,80,AV LIBERTADOR,R02,PAGADA,53.0,57.0
1528,691XC80,2021-01-06,09:03,105.0,60,AV SIEMPRE VIVA,R01,IMPAGA,45.0,48.0
1541,TL03GOG,2020-07-06,19:06,75.0,40,AV SIEMPRE VIVA,R02,PAGADA,35.0,37.0
1559,831MDB,2020-06-20,09:03,89.0,40,AV SIEMPRE VIVA,R03,IMPAGA,49.0,51.0
1562,2999961,2023-02-13,09:04,80.0,40,AV SIEMPRE VIVA,R02,APELADA,40.0,42.0
1563,W326AVE,2023-10-27,10:06,153.0,80,RUTA 9,R01,PAGADA,73.0,77.0
1566,DI2LOT,2022-01-24,09:04,71.0,40,AV LIBERTADOR,R02,PAGADA,31.0,33.0
1570,VY90540,2023-05-20,14:58,58.0,40,RUTA 9,R01,APELADA,18.0,20.0
1572,YLO8WUE,2022-09-15,19:07,119.0,60,AV LIBERTADOR,R01,IMPAGA,59.0,62.0
1590,FD1475,2022-08-09,09:06,110.0,40,AV SIEMPRE VIVA,R03,PAGADA,70.0,72.0
1622,HF3461,2022-09-12,14:59,45.0,40,RUTA 9,R01,IMPAGA,5.0,7.0
1631,W326AVE,2021-06-23,14:59,90.0,40,AV SIEMPRE VIVA,R02,APELADA,50.0,52.0
1634,B81JKY,2022-01-10,10:09,123.0,60,AV SIEMPRE VIVA,R03,PAGADA,63.0,66.0
1645,TL03GOG,2023-01-01,10:09,111.0,60,AV LIBERTADOR,R03,APELADA,51.0,54.0
1650,41RSTZ,2022-05-17,10:10,78.0,60,RUTA 9,R02,PAGADA,18.0,21.0
1653,CD05601,2020-11-21,19:10,135.0,60,AV SIEMPRE VIVA,R02,PAGADA,75.0,78.0
1665,GOOGLE,2021-04-08,09:08,79.0,60,RUTA 9,R03,PAGADA,19.0,22.0
1668,FVIOUHP,2022-06-03,10:11,84.0,60,AV LIBERTADOR,R01,IMPAGA,24.0,27.0
1680,MPX9357,2022-06-01,09:08,151.0,80,AV LIBERTADOR,R03,APELADA,71.0,75.0
1686,FVIOUHP,2022-06-15,19:12,43.0,40,RUTA 9,R01,PAGADA,3.0,5.0
1692,HAMSTUR,2020-08-01,19:12,116.0,40,AV LIBERTADOR,R03,APELADA,76.0,78.0
1701,9999868,2020-01-19,10:12,89.0,60,RUTA 9,R01,APELADA,29.0,32.0
1702,WU08YWC,2022-08-02,19:13,80.0,40,RUTA 9,R02,PAGADA,40.0,42.0
1716,BP717,2020-03-08,19:14,94.0,40,AV SIEMPRE VIVA,R03,PAGADA,54.0,56.0
1717,CD05601,2023-02-07,19:14,118.0,40,RUTA 9,R02,IMPAGA,78.0,80.0
1726,RFH373,2020-06-13,15:03,110.0,60,AV LIBERTADOR,R02,IMPAGA,50.0,53.0
1729,HF58HXP,2020-02-14,19:15,97.0,60,RUTA 9,R01,PAGADA,37.0,40.0
1731,B81JKY,2020-06-14,09:11,92.0,40,AV SIEMPRE VIVA,R01,APELADA,52.0,54.0
1733,UM96201,2020-03-20,19:15,125.0,80,AV LIBERTADOR,R02,APELADA,45.0,49.0
1736,BP717,2021-01-23,19:15,65.0,40,AV LIBERTADOR,R03,IMPAGA,25.0,27.0
1748,BP717,2023-04-25,10:13,139.0,80,AV SIEMPRE VIVA,R03,IMPAGA,59.0,63.0
1749,NHZ1002,2021-07-09,19:16,102.0,40,AV SIEMPRE VIVA,R01,APELADA,62.0,64.0
1754,6611172,2023-02-19,10:14,89.0,60,AV SIEMPRE VIVA,R02,APELADA,29.0,32.0
1761,GCP332,2020-08-02,09:12,89.0,40,AV SIEMPRE VIVA,R01,APELADA,49.0,51.0
1766,GN64OTP,2022-06-28,15:04,123.0,60,AV LIBERTADOR,R01,PAGADA,63.0,66.0
1767,AWS167,2022-10-30,10:15,128.0,80,AV LIBERTADOR,R02,APELADA,48.0,52.0
1770,VTIIAHV,2020-08-04,09:12,143.0,80,RUTA 9,R03,APELADA,63.0,67.0
1790,CT5B876,2023-03-24,15:05,59.0,40,AV LIBERTADOR,R03,PAGADA,19.0,21.0
1812,MX60NZA,2020-08-25,15:06,83.0,60,AV LIBERTADOR,R02,APELADA,23.0,26.0
1828,810TCH,2023-03-25,09:14,160.0,80,AV LIBERTADOR,R01,IMPAGA,80.0,84.0
1832,J1S1,2022-05-31,09:14,48.0,40,RUTA 9,R02,APELADA,8.0,10.0
1847,BHRP770,2021-04-07,09:16,67.0,40,RUTA 9,R03,APELADA,27.0,29.0
1848,DK414N,2020-05-28,09:16,81.0,40,AV SIEMPRE VIVA,R01,PAGADA,41.0,43.0
1854,YLO8WUE,2020-02-01,10:19,98.0,80,AV LIBERTADOR,R02,IMPAGA,18.0,22.0
1861,CD05601,2022-05-18,15:07,120.0,60,RUTA 9,R03,IMPAGA,60.0,63.0
1892,WU341A,2023-04-15,19:20,109.0,80,AV LIBERTADOR,R01,IMPAGA,29.0,33.0
1910,HAMSTUR,2020-09-16,19:21,111.0,40,AV LIBERTADOR,R03,APELADA,71.0,73.0
1915,MVU4688,2022-06-01,15:10,79.0,60,AV SIEMPRE VIVA,R02,APELADA,19.0,22.0
1920,GN64OTP,2022-06-18,15:10,99.0,80,AV SIEMPRE VIVA,R02,IMPAGA,19.0,23.0
1926,WU341A,2021-07-23,10:21,42.0,40,RUTA 9,R01,PAGADA,2.0,4.0
1936,GOOGLE,2021-08-20,09:20,129.0,80,AV LIBERTADOR,R02,IMPAGA,49.0,53.0
1947,RFH373,2023-05-21,19:22,74.0,60,AV SIEMPRE VIVA,R03,IMPAGA,14.0,17.0
1955,0695DVH,2021-12-05,19:23,139.0,60,AV LIBERTADOR,R01,PAGADA,79.0,82.0
1970,VY90540,2022-02-13,09:21,116.0,60,RUTA 9,R02,PAGADA,56.0,59.0
1979,HAMSTUR,2021-01-23,10:23,107.0,40,RUTA 9,R02,APELADA,67.0,69.0
1981,GN64OTP,2021-05-03,10:23,107.0,40,AV LIBERTADOR,R01,PAGADA,67.0,69.0
1989,W326AVE,2022-10-12,15:12,109.0,40,AV LIBERTADOR,R03,APELADA,69.0,71.0
2000,CT5B876,2021-06-20,19:25,86.0,40,RUTA 9,R01,APELADA,46.0,48.0
2002,HF3461,2021-04-10,10:24,100.0,80,RUTA 9,R01,APELADA,20.0,24.0
2005,810TCH,2021-08-18,09:22,64.0,40,AV SIEMPRE VIVA,R01,APELADA,24.0,26.0
2008,W326AVE,2022-09-19,15:13,93.0,60,AV LIBERTADOR,R02,APELADA,33.0,36.0
2011,990XYK,2020-07-18,09:22,118.0,80,RUTA 9,R03,IMPAGA,38.0,42.0
2012,NHZ1002,2021-05-05,19:26,128.0,80,RUTA 9,R01,IMPAGA,48.0,52.0
2014,AWS167,2021-03-15,15:13,159.0,80,AV LIBERTADOR,R01,IMPAGA,79.0,83.0
2019,UM96201,2023-06-23,09:22,112.0,40,AV SIEMPRE VIVA,R02,APELADA,72.0,74.0
2042,XIIUME,2022-09-11,09:23,81.0,60,AV LIBERTADOR,R01,PAGADA,21.0,24.0
2050,0695DVH,2023-07-05,15:14,116.0,60,AV LIBERTADOR,R01,IMPAGA,56.0,59.0
2060,VNK296GP,2023-10-26,19:29,149.0,80,RUTA 9,R02,PAGADA,69.0,73.0
2065,PIW4215,2020-07-31,09:25,85.0,60,AV LIBERTADOR,R01,PAGADA,25.0,28.0
2078,NHZ1002,2021-01-06,19:30,111.0,60,AV SIEMPRE VIVA,R01,IMPAGA,51.0,54.0
2084,UW3932,2023-01-09,09:26,39.0,40,RUTA 9,R02,APELADA,-1.0,1.0
2088,B81JKY,2020-07-02,15:15,107.0,80,AV LIBERTADOR,R01,PAGADA,27.0,31.0
2091,41RSTZ,2021-03-01,19:30,85.0,80,AV LIBERTADOR,R03,APELADA,5.0,9.0
2102,810TCH,2023-12-25,15:16,60.0,40,AV LIBERTADOR,R01,PAGADA,20.0,22.0
2107,BB8986,2021-09-29,10:27,91.0,80,RUTA 9,R02,APELADA,11.0,15.0
2120,2999961,2022-08-03,09:27,139.0,60,RUTA 9,R02,APELADA,79.0,82.0
2123,J1S1,2021-04-06,19:30,44.0,40,AV SIEMPRE VIVA,R01,IMPAGA,4.0,6.0
2128,6NCE831,2021-12-28,09:27,141.0,80,AV SIEMPRE VIVA,R02,IMPAGA,61.0,65.0
2141,HK06YMX,2022-03-15,10:29,149.0,80,AV LIBERTADOR,R01,IMPAGA,69.0,73.0
2154,FD1475,2020-04-21,10:30,82.0,60,RUTA 9,R02,PAGADA,22.0,25.0
2170,BB8986,2023-05-07,09:29,97.0,80,AV LIBERTADOR,R02,APELADA,17.0,21.0
2175,8B90638,2020-10-16,19:32,114.0,40,AV LIBERTADOR,R03,IMPAGA,74.0,76.0
2182,990XYK,2021-04-17,19:33,123.0,80,RUTA 9,R01,IMPAGA,43.0,47.0
2188,XIIUME,2022-01-23,15:18,129.0,80,AV LIBERTADOR,R02,IMPAGA,49.0,53.0
2192,589222,2024-01-11,10:31,89.0,60,AV SIEMPRE VIVA,R02,PAGADA,29.0,32.0
2197,VTIIAHV,2021-07-18,10:31,116.0,40,RUTA 9,R01,APELADA,76.0,78.0
2201,0695DVH,2021-05-11,10:32,112.0,80,AV LIBERTADOR,R02,IMPAGA,32.0,36.0
2202,MX60NZA,2021-12-18,09:30,96.0,40,RUTA 9,R02,IMPAGA,56.0,58.0
2205,6NCE831,2020-07-05,10:32,103.0,80,AV LIBERTADOR,R02,PAGADA,23.0,27.0
2217,BP717,2023-07-12,09:31,97.0,80,AV LIBERTADOR,R02,APELADA,17.0,21.0
2221,VY90540,2020-04-15,09:31,61.0,60,AV SIEMPRE VIVA,R03,PAGADA,1.0,4.0
2236,409,2023-05-22,19:36,81.0,60,RUTA 9,R02,IMPAGA,21.0,24.0
2237,MPX9357,2020-12-09,15:19,84.0,60,AV LIBERTADOR,R01,APELADA,24.0,27.0
2245,9999868,2022-09-28,10:33,91.0,40,AV LIBERTADOR,R02,IMPAGA,51.0,53.0
2247,WU08YWC,2020-05-03,15:19,74.0,60,AV SIEMPRE VIVA,R03,IMPAGA,14.0,17.0
2248,BM351,2021-08-12,15:19,112.0,60,RUTA 9,R03,PAGADA,52.0,55.0
2253,HAMSTUR,2023-01-30,19:36,61.0,60,AV SIEMPRE VIVA,R01,IMPAGA,1.0,4.0
2260,VNK296GP,2021-04-16,10:34,126.0,60,AV LIBERTADOR,R02,PAGADA,66.0,69.0
2267,GLEN1E,2023-04-02,15:20,109.0,80,AV SIEMPRE VIVA,R03,IMPAGA,29.0,33.0
2271,W326AVE,2021-03-02,09:33,60.0,60,AV SIEMPRE VIVA,R03,PAGADA,0.0,3.0
2274,GE1466,2020-12-11,10:35,122.0,60,RUTA 9,R01,APELADA,62.0,65.0
2276,6NCE831,2020-11-19,15:21,94.0,80,AV LIBERTADOR,R02,IMPAGA,14.0,18.0
2279,0695DVH,2020-10-02,10:35,121.0,60,AV LIBERTADOR,R01,IMPAGA,61.0,64.0
2309,INTIGR8,2022-02-18,09:35,92.0,60,AV SIEMPRE VIVA,R03,APELADA,32.0,35.0
2321,WU08YWC,2022-03-27,09:36,77.0,80,RUTA 9,R03,IMPAGA,-3.0,1.0
2325,WU08YWC,2023-06-28,09:36,103.0,40,RUTA 9,R01,PAGADA,63.0,65.0
2333,BM351,2022-12-18,10:37,50.0,40,AV SIEMPRE VIVA,R03,PAGADA,10.0,12.0
2334,MX60NZA,2023-10-12,15:23,130.0,80,AV LIBERTADOR,R02,APELADA,50.0,54.0
2335,6611172,2020-08-07,10:37,58.0,60,AV LIBERTADOR,R02,IMPAGA,-2.0,1.0
2336,NHZ1002,2023-06-18,10:37,70.0,40,AV SIEMPRE VIVA,R03,IMPAGA,30.0,32.0
2346,TL03GOG,2021-03-21,15:23,120.0,80,AV SIEMPRE VIVA,R02,PAGADA,40.0,44.0
2358,XIIUME,2020-06-15,19:40,114.0,40,RUTA 9,R01,PAGADA,74.0,76.0
2370,RFH373,2022-05-30,10:38,98.0,80,AV SIEMPRE VIVA,R02,IMPAGA,18.0,22.0
2371,GN64OTP,2022-11-05,10:38,93.0,80,AV LIBERTADOR,R03,PAGADA,13.0,17.0
2381,INTIGR8,2020-06-30,10:38,97.0,40,RUTA 9,R03,PAGADA,57.0,59.0
2391,AI7OVF,2023-09-28,15:25,140.0,60,RUTA 9,R02,PAGADA,80.0,83.0
2393,BHRP770,2020-12-08,09:38,61.0,40,AV SIEMPRE VIVA,R03,IMPAGA,21.0,23.0
2397,M431ZW,2023-05-02,15:26,118.0,80,AV LIBERTADOR,R02,IMPAGA,38.0,42.0
2401,WU08YWC,2021-07-25,19:42,146.0,80,RUTA 9,R02,IMPAGA,66.0,70.0
2403,AWS167,2020-11-22,19:43,78.0,40,RUTA 9,R01,PAGADA,38.0,40.0
2419,HK06YMX,2022-02-17,10:39,100.0,80,AV LIBERTADOR,R01,PAGADA,20.0,24.0
2425,WU08YWC,2023-11-26,09:39,117.0,40,RUTA 9,R02,IMPAGA,77.0,79.0
2433,NTHGLFT,2023-02-02,19:45,92.0,40,AV SIEMPRE VIVA,R03,IMPAGA,52.0,54.0
2437,6611172,2022-04-23,15:27,50.0,40,AV SIEMPRE VIVA,R03,IMPAGA,10.0,12.0
2441,TL03GOG,2022-05-07,19:45,77.0,40,AV LIBERTADOR,R01,PAGADA,37.0,39.0
2446,990XYK,2020-08-03,09:40,102.0,80,RUTA 9,R01,APELADA,22.0,26.0
2447,831MDB,2023-01-28,09:40,133.0,80,AV LIBERTADOR,R02,APELADA,53.0,57.0
2450,831MDB,2022-12-01,10:40,126.0,80,AV SIEMPRE VIVA,R02,PAGADA,46.0,50.0
2465,MPX9357,2021-09-14,09:42,106.0,40,AV LIBERTADOR,R01,IMPAGA,66.0,68.0
2468,PIW4215,2020-04-01,15:28,63.0,60,AV SIEMPRE VIVA,R02,APELADA,3.0,6.0
2476,5777770,2021-06-11,19:46,94.0,40,AV SIEMPRE VIVA,R01,APELADA,54.0,56.0
2484,CBMUK,2021-10-29,15:28,109.0,80,AV SIEMPRE VIVA,R02,IMPAGA,29.0,33.0
2489,GLEN1E,2020-12-23,09:43,70.0,40,RUTA 9,R03,PAGADA,30.0,32.0
2494,AWS167,2020-08-04,10:42,62.0,60,RUTA 9,R02,IMPAGA,2.0,5.0
2504,691XC80,2022-09-07,09:43,114.0,40,RUTA 9,R01,IMPAGA,74.0,76.0
2509,MX60NZA,2023-12-02,10:42,106.0,40,AV LIBERTADOR,R01,IMPAGA,66.0,68.0
2512,AI7OVF,2022-02-22,10:43,81.0,40,AV LIBERTADOR,R03,IMPAGA,41.0,43.0
2520,AI7OVF,2021-03-09,09:44,112.0,40,AV SIEMPRE VIVA,R02,PAGADA,72.0,74.0
2523,UM96201,2021-08-19,09:44,64.0,40,RUTA 9,R03,APELADA,24.0,26.0
2530,UM96201,2023-09-23,10:43,123.0,80,AV LIBERTADOR,R02,APELADA,43.0,47.0
2534,DK414N,2022-05-27,09:45,110.0,40,AV LIBERTADOR,R03,APELADA,70.0,72.0
2543,XIIUME,2021-07-05,10:44,106.0,80,AV SIEMPRE VIVA,R01,IMPAGA,26.0,30.0
2544,WEFLYN,2021-03-15,15:30,121.0,80,AV LIBERTADOR,R02,IMPAGA,41.0,45.0
2549,BX55DOG,2022-07-23,19:49,93.0,40,AV SIEMPRE VIVA,R01,APELADA,53.0,55.0
2562,81ZFJD,2020-08-14,15:31,89.0,80,RUTA 9,R01,PAGADA,9.0,13.0
2567,FD1475,2022-11-15,09:46,110.0,60,AV SIEMPRE VIVA,R02,PAGADA,50.0,53.0
2578,HF58HXP,2022-09-29,10:45,134.0,60,AV LIBERTADOR,R02,APELADA,74.0,77.0
2601,TL03GOG,2021-05-27,19:51,65.0,40,AV LIBERTADOR,R02,PAGADA,25.0,27.0
2603,9999868,2022-11-01,09:47,130.0,80,AV LIBERTADOR,R03,APELADA,50.0,54.0
2608,3646HBH,2020-12-07,19:51,69.0,60,AV LIBERTADOR,R02,APELADA,9.0,12.0
2610,CBMUK,2021-08-28,10:47,88.0,60,AV LIBERTADOR,R02,APELADA,28.0,31.0
2619,81ZFJD,2020-03-06,10:47,129.0,60,AV SIEMPRE VIVA,R01,APELADA,69.0,72.0
2634,HF58HXP,2023-12-30,19:52,97.0,40,AV SIEMPRE VIVA,R02,PAGADA,57.0,59.0
2639,5777770,2021-09-08,10:48,78.0,40,AV LIBERTADOR,R03,IMPAGA,38.0,40.0
2652,OUTSTDN,2022-05-29,19:54,101.0,40,RUTA 9,R02,APELADA,61.0,63.0
2660,0695DVH,2024-01-05,09:50,46.0,40,RUTA 9,R03,PAGADA,6.0,8.0
2664,0695DVH,2020-03-04,19:54,135.0,80,AV SIEMPRE VIVA,R03,PAGADA,55.0,59.0
2667,T0YDR,2021-08-19,19:54,144.0,80,RUTA 9,R03,APELADA,64.0,68.0
2673,UW3932,2022-11-13,15:34,60.0,60,RUTA 9,R01,PAGADA,0.0,3.0
2682,BM351,2023-08-10,19:56,79.0,80,AV SIEMPRE VIVA,R01,PAGADA,-1.0,3.0
2687,YLO8WUE,2021-06-23,09:50,148.0,80,RUTA 9,R03,IMPAGA,68.0,72.0
2703,990XYK,2021-10-19,19:57,83.0,80,AV LIBERTADOR,R02,IMPAGA,3.0,7.0
2709,CD05601,2021-10-29,15:35,83.0,80,RUTA 9,R03,PAGADA,3.0,7.0
2713,NHZ1002,2020-07-31,10:51,128.0,60,AV LIBERTADOR,R03,PAGADA,68.0,71.0
2719,HAMSTUR,2021-04-30,19:57,60.0,60,RUTA 9,R03,PAGADA,0.0,3.0
2752,589222,2021-11-18,09:54,40.0,40,RUTA 9,R03,IMPAGA,0.0,2.0
2755,UM96201,2020-04-20,09:54,67.0,40,AV LIBERTADOR,R02,IMPAGA,27.0,29.0
2756,BB8986,2024-01-01,15:37,104.0,40,AV LIBERTADOR,R03,PAGADA,64.0,66.0
2757,FVIOUHP,2023-10-23,15:37,109.0,40,AV LIBERTADOR,R02,APELADA,69.0,71.0
2761,GLEN1E,2021-10-09,19:58,105.0,40,RUTA 9,R03,IMPAGA,65.0,67.0
2764,BP717,2023-07-26,10:53,103.0,60,AV LIBERTADOR,R03,IMPAGA,43.0,46.0
2765,589222,2022-09-09,15:38,112.0,80,RUTA 9,R01,IMPAGA,32.0,36.0
2786,UM96201,2021-02-02,09:54,99.0,40,AV LIBERTADOR,R03,APELADA,59.0,61.0
2791,8B90638,2021-02-20,19:59,125.0,60,AV LIBERTADOR,R01,PAGADA,65.0,68.0
2796,MPX9357,2020-10-21,15:39,116.0,60,AV LIBERTADOR,R03,PAGADA,56.0,59.0
2811,DI2LOT,2022-07-29,09:56,86.0,80,RUTA 9,R01,IMPAGA,6.0,10.0
2820,XIIUME,2020-12-10,20:01,67.0,40,RUTA 9,R02,APELADA,27.0,29.0
2824,B81JKY,2021-09-23,15:40,142.0,80,RUTA 9,R03,PAGADA,62.0,66.0
2836,2999961,2022-10-19,09:58,82.0,80,AV LIBERTADOR,R03,APELADA,2.0,6.0
2842,GE1466,2020-04-14,10:55,62.0,60,AV SIEMPRE VIVA,R01,PAGADA,2.0,5.0
2845,831MDB,2023-01-20,09:58,154.0,80,AV LIBERTADOR,R01,IMPAGA,74.0,78.0
2848,VNK296GP,2020-09-05,15:40,125.0,60,AV LIBERTADOR,R01,IMPAGA,65.0,68.0
2868,PIW4215,2021-12-23,09:59,112.0,60,RUTA 9,R01,IMPAGA,52.0,55.0
2878,M431ZW,2023-04-26,20:03,70.0,60,AV SIEMPRE VIVA,R02,PAGADA,10.0,13.0
2888,41RSTZ,2021-04-21,10:58,99.0,60,RUTA 9,R03,IMPAGA,39.0,42.0
2892,831MDB,2023-05-24,20:03,117.0,60,AV SIEMPRE VIVA,R03,PAGADA,57.0,60.0
2895,5777770,2023-09-30,15:42,85.0,40,AV LIBERTADOR,R03,IMPAGA,45.0,47.0
2907,BX55DOG,2021-11-26,10:00,93.0,60,RUTA 9,R02,IMPAGA,33.0,36.0
2908,3646HBH,2022-11-12,10:59,138.0,80,AV SIEMPRE VIVA,R03,APELADA,58.0,62.0
2910,CD05601,2022-10-25,15:42,102.0,80,RUTA 9,R02,APELADA,22.0,26.0
2911,M431ZW,2023-10-10,10:59,68.0,40,AV SIEMPRE VIVA,R01,IMPAGA,28.0,30.0
2924,WU08YWC,2020-05-10,10:01,130.0,80,AV SIEMPRE VIVA,R03,PAGADA,50.0,54.0
2927,589222,2020-11-14,10:01,55.0,40,AV SIEMPRE VIVA,R03,PAGADA,15.0,17.0
2937,81ZFJD,2023-12-17,10:01,87.0,80,AV LIBERTADOR,R01,PAGADA,7.0,11.0
2942,691XC80,2022-03-02,15:44,123.0,60,AV SIEMPRE VIVA,R01,APELADA,63.0,66.0
2944,NTHGLFT,2022-11-10,20:05,47.0,40,RUTA 9,R02,APELADA,7.0,9.0
2953,INTIGR8,2021-12-26,15:44,154.0,80,AV LIBERTADOR,R02,IMPAGA,74.0,78.0
2957,691XC80,2020-12-05,11:00,135.0,60,AV LIBERTADOR,R02,PAGADA,75.0,78.0
2958,GLEN1E,2021-01-07,10:02,64.0,40,RUTA 9,R03,IMPAGA,24.0,26.0
2965,T0YDR,2020-11-08,11:01,137.0,80,RUTA 9,R03,PAGADA,57.0,61.0
2968,CT5B876,2020-12-14,20:07,58.0,60,AV LIBERTADOR,R03,APELADA,-2.0,1.0
2970,DK414N,2022-01-28,10:02,89.0,40,AV LIBERTADOR,R02,APELADA,49.0,51.0
2984,M20CPR,2022-06-03,10:03,84.0,60,RUTA 9,R01,PAGADA,24.0,27.0
2989,691XC80,2022-10-30,11:01,117.0,60,AV SIEMPRE VIVA,R01,PAGADA,57.0,60.0
2990,INTIGR8,2023-03-15,15:46,110.0,80,AV LIBERTADOR,R01,IMPAGA,30.0,34.0
3001,MX60NZA,2020-05-25,15:46,118.0,60,AV LIBERTADOR,R01,APELADA,58.0,61.0
3002,8B90638,2021-10-24,15:47,88.0,60,AV LIBERTADOR,R03,APELADA,28.0,31.0
3013,FD1475,2020-11-30,11:03,118.0,60,RUTA 9,R02,APELADA,58.0,61.0
3018,GCP332,2023-02-13,10:04,79.0,60,AV LIBERTADOR,R01,PAGADA,19.0,22.0
3023,5777770,2023-05-14,15:47,75.0,40,AV LIBERTADOR,R03,PAGADA,35.0,37.0
3037,GOOGLE,2023-02-22,20:09,86.0,40,AV LIBERTADOR,R02,IMPAGA,46.0,48.0
3053,MVU4688,2021-03-29,10:05,105.0,60,RUTA 9,R03,PAGADA,45.0,48.0
3064,FD1475,2023-09-01,20:10,108.0,80,AV LIBERTADOR,R02,APELADA,28.0,32.0
3066,VY90540,2023-12-11,20:10,102.0,40,AV LIBERTADOR,R02,PAGADA,62.0,64.0
3083,VTIIAHV,2022-10-09,20:11,94.0,60,RUTA 9,R03,PAGADA,34.0,37.0
3087,B81JKY,2022-12-21,20:11,82.0,40,AV LIBERTADOR,R03,IMPAGA,42.0,44.0
3093,INTIGR8,2022-08-22,15:49,107.0,80,AV LIBERTADOR,R02,IMPAGA,27.0,31.0
3095,810TCH,2020-05-06,20:12,48.0,40,AV LIBERTADOR,R02,IMPAGA,8.0,10.0
3100,NTHGLFT,2020-09-30,20:12,90.0,60,AV LIBERTADOR,R01,PAGADA,30.0,33.0
3109,8B90638,2024-01-15,20:13,68.0,60,AV LIBERTADOR,R02,IMPAGA,8.0,11.0
3111,DK414N,2023-10-07,11:05,85.0,40,AV LIBERTADOR,R02,IMPAGA,45.0,47.0
3117,OUTSTDN,2023-02-23,11:06,53.0,40,AV LIBERTADOR,R02,IMPAGA,13.0,15.0
3118,990XYK,2023-09-05,15:50,58.0,60,AV LIBERTADOR,R02,APELADA,-2.0,1.0
3137,NHZ1002,2022-11-26,11:08,65.0,60,AV LIBERTADOR,R02,APELADA,5.0,8.0
3142,HAMSTUR,2022-03-10,15:51,133.0,80,AV SIEMPRE VIVA,R02,APELADA,53.0,57.0
3155,HAMSTUR,2020-06-21,10:08,71.0,40,AV LIBERTADOR,R01,PAGADA,31.0,33.0
3161,FVIOUHP,2024-01-24,20:13,130.0,80,AV SIEMPRE VIVA,R03,IMPAGA,50.0,54.0
3166,BP717,2023-11-21,20:14,107.0,80,AV SIEMPRE VIVA,R02,IMPAGA,27.0,31.0
3168,MPX9357,2020-12-19,20:14,43.0,40,RUTA 9,R01,APELADA,3.0,5.0
3169,J1S1,2021-11-23,11:09,85.0,60,AV LIBERTADOR,R03,APELADA,25.0,28.0
3171,3646HBH,2024-02-03,20:14,131.0,80,AV LIBERTADOR,R01,IMPAGA,51.0,55.0
3176,9999868,2022-06-01,11:09,155.0,80,AV SIEMPRE VIVA,R03,APELADA,75.0,79.0
3177,WU341A,2020-12-21,15:53,103.0,60,RUTA 9,R03,PAGADA,43.0,46.0
3179,GN64OTP,2023-10-27,20:15,65.0,60,RUTA 9,R01,PAGADA,5.0,8.0
3190,691XC80,2020-08-16,11:10,118.0,80,RUTA 9,R03,IMPAGA,38.0,42.0
3195,OUTSTDN,2023-03-22,20:16,157.0,80,AV SIEMPRE VIVA,R01,APELADA,77.0,81.0
3198,YLO8WUE,2021-05-22,11:10,151.0,80,AV LIBERTADOR,R02,PAGADA,71.0,75.0
3203,DI2LOT,2020-10-09,15:54,92.0,80,AV SIEMPRE VIVA,R02,APELADA,12.0,16.0
3208,WEFLYN,2021-05-23,11:11,112.0,60,AV LIBERTADOR,R02,IMPAGA,52.0,55.0
3210,41RSTZ,2022-11-06,10:09,134.0,60,RUTA 9,R01,IMPAGA,74.0,77.0
3219,T0YDR,2020-05-22,20:17,137.0,80,AV LIBERTADOR,R03,IMPAGA,57.0,61.0
3221,BB8986,2021-07-23,20:18,81.0,60,AV LIBERTADOR,R02,APELADA,21.0,24.0
3222,VTIIAHV,2021-07-16,10:10,138.0,80,AV LIBERTADOR,R02,APELADA,58.0,62.0
3225,M431ZW,2020-06-02,10:10,155.0,80,AV SIEMPRE VIVA,R02,PAGADA,75.0,79.0
3228,AI7OVF,2021-02-03,20:18,119.0,60,RUTA 9,R02,PAGADA,59.0,62.0
3231,HF3461,2021-06-29,20:18,101.0,40,AV LIBERTADOR,R03,IMPAGA,61.0,63.0
3235,INTIGR8,2020-03-08,10:11,101.0,60,AV SIEMPRE VIVA,R03,IMPAGA,41.0,44.0
3238,0695DVH,2021-11-26,11:11,116.0,40,AV LIBERTADOR,R02,IMPAGA,76.0,78.0
3242,VY90540,2023-01-19,11:12,94.0,40,AV LIBERTADOR,R02,PAGADA,54.0,56.0
3253,409,2020-04-08,10:11,106.0,80,AV LIBERTADOR,R01,APELADA,26.0,30.0
3259,FVIOUHP,2023-11-15,10:12,159.0,80,AV SIEMPRE VIVA,R02,APELADA,79.0,83.0
3263,GCP332,2022-04-16,11:13,140.0,80,RUTA 9,R03,APELADA,60.0,64.0
3265,NHZ1002,2021-07-04,20:20,110.0,40,AV LIBERTADOR,R02,PAGADA,70.0,72.0
3266,HK06YMX,2022-07-22,10:12,65.0,40,AV LIBERTADOR,R01,IMPAGA,25.0,27.0
3275,WU341A,2023-06-17,10:13,124.0,80,RUTA 9,R03,PAGADA,44.0,48.0
3281,M20CPR,2023-12-25,11:14,94.0,60,AV LIBERTADOR,R02,PAGADA,34.0,37.0
3285,T0YDR,2021-04-16,11:15,87.0,80,AV LIBERTADOR,R01,APELADA,7.0,11.0
3298,HF58HXP,2022-12-05,20:21,75.0,40,AV SIEMPRE VIVA,R02,IMPAGA,35.0,37.0
3305,NTHGLFT,2020-03-08,10:13,154.0,80,AV LIBERTADOR,R03,APELADA,74.0,78.0
3307,TL03GOG,2020-02-01,11:16,139.0,60,AV LIBERTADOR,R03,APELADA,79.0,82.0
3309,DI2LOT,2023-01-05,11:16,99.0,80,RUTA 9,R01,IMPAGA,19.0,23.0
3311,BHRP770,2022-06-01,20:22,90.0,60,AV LIBERTADOR,R02,APELADA,30.0,33.0
3315,6EVY261,2022-02-19,10:14,151.0,80,RUTA 9,R02,PAGADA,71.0,75.0
3320,VNK296GP,2020-09-12,20:22,153.0,80,AV LIBERTADOR,R03,PAGADA,73.0,77.0
3322,WU08YWC,2020-06-21,20:22,100.0,40,AV LIBERTADOR,R02,IMPAGA,60.0,62.0
3328,WEFLYN,2020-12-16,15:56,132.0,80,AV LIBERTADOR,R01,IMPAGA,52.0,56.0
3330,6NCE831,2020-07-05,20:23,78.0,60,AV LIBERTADOR,R03,IMPAGA,18.0,21.0
3333,MX60NZA,2023-05-18,11:17,56.0,40,RUTA 9,R02,PAGADA,16.0,18.0
3336,6NCE831,2023-09-20,20:23,153.0,80,AV LIBERTADOR,R03,IMPAGA,73.0,77.0
3339,T0YDR,2023-12-30,20:23,62.0,40,AV SIEMPRE VIVA,R03,IMPAGA,22.0,24.0
3345,NTHGLFT,2021-03-02,10:16,100.0,40,AV LIBERTADOR,R03,IMPAGA,60.0,62.0
3346,3646HBH,2021-02-16,10:16,106.0,80,RUTA 9,R01,IMPAGA,26.0,30.0
3354,DI2LOT,2020-09-03,11:18,132.0,80,RUTA 9,R03,IMPAGA,52.0,56.0
3355,0695DVH,2020-02-10,15:57,59.0,40,RUTA 9,R02,IMPAGA,19.0,21.0
3360,RFH373,2023-11-25,10:17,64.0,60,RUTA 9,R02,IMPAGA,4.0,7.0
3372,AWS167,2023-03-08,15:57,110.0,40,RUTA 9,R02,PAGADA,70.0,72.0
3373,2999961,2021-03-12,20:24,49.0,40,AV SIEMPRE VIVA,R03,APELADA,9.0,11.0
3374,41RSTZ,2020-11-04,15:58,99.0,60,AV SIEMPRE VIVA,R03,PAGADA,39.0,42.0
3375,AWS167,2022-03-28,11:18,108.0,80,AV LIBERTADOR,R02,IMPAGA,28.0,32.0
3376,GLEN1E,2022-02-10,10:18,83.0,60,AV LIBERTADOR,R03,APELADA,23.0,26.0
3381,B81JKY,2023-08-29,11:19,115.0,80,AV LIBERTADOR,R02,IMPAGA,35.0,39.0
3383,BHRP770,2021-05-12,10:19,39.0,40,AV LIBERTADOR,R03,PAGADA,-1.0,1.0
3386,MPX9357,2023-01-08,20:25,89.0,80,AV SIEMPRE VIVA,R03,APELADA,9.0,13.0
3394,HF3461,2023-12-22,20:25,131.0,60,AV LIBERTADOR,R01,APELADA,71.0,74.0
3408,41RSTZ,2022-07-24,10:20,141.0,80,AV SIEMPRE VIVA,R03,IMPAGA,61.0,65.0
3419,FD1475,2023-12-03,11:21,114.0,40,AV LIBERTADOR,R02,APELADA,74.0,76.0
3430,VNK296GP,2023-06-23,20:26,83.0,60,AV LIBERTADOR,R02,PAGADA,23.0,26.0
3437,GN64OTP,2021-07-18,15:59,111.0,40,AV LIBERTADOR,R03,PAGADA,71.0,73.0
3451,M431ZW,2022-04-29,20:27,97.0,60,AV SIEMPRE VIVA,R02,PAGADA,37.0,40.0
3463,UW3932,2023-02-03,16:00,119.0,80,AV SIEMPRE VIVA,R01,IMPAGA,39.0,43.0
3468,409,2022-08-15,11:22,133.0,60,RUTA 9,R01,IMPAGA,73.0,76.0
3471,HF58HXP,2021-06-21,16:01,91.0,40,AV SIEMPRE VIVA,R02,IMPAGA,51.0,53.0
3478,HF3461,2020-06-14,20:28,50.0,40,AV SIEMPRE VIVA,R03,IMPAGA,10.0,12.0
3487,GCP332,2023-03-03,11:23,128.0,60,AV LIBERTADOR,R02,IMPAGA,68.0,71.0
3489,3646HBH,2022-04-24,11:23,82.0,40,AV LIBERTADOR,R03,APELADA,42.0,44.0
3501,41RSTZ,2020-07-05,20:29,107.0,80,AV SIEMPRE VIVA,R01,APELADA,27.0,31.0
3514,0695DVH,2021-01-10,20:29,107.0,40,AV LIBERTADOR,R01,IMPAGA,67.0,69.0
3518,MPX9357,2021-01-24,10:24,103.0,60,AV LIBERTADOR,R02,APELADA,43.0,46.0
3542,BM351,2023-10-26,16:05,49.0,40,RUTA 9,R02,IMPAGA,9.0,11.0
3549,GLEN1E,2020-04-03,11:25,44.0,40,AV LIBERTADOR,R01,IMPAGA,4.0,6.0
3555,3646HBH,2020-06-29,16:05,104.0,80,RUTA 9,R03,APELADA,24.0,28.0
3558,GE1466,2021-05-24,10:27,103.0,60,AV SIEMPRE VIVA,R01,PAGADA,43.0,46.0
3566,UM96201,2020-03-21,11:26,68.0,60,RUTA 9,R02,APELADA,8.0,11.0
3572,AWS167,2021-08-09,20:31,149.0,80,AV LIBERTADOR,R03,PAGADA,69.0,73.0
3610,GE1466,2022-03-20,20:32,61.0,40,AV LIBERTADOR,R01,PAGADA,21.0,23.0
3614,BP717,2022-02-17,10:29,106.0,40,AV SIEMPRE VIVA,R01,PAGADA,66.0,68.0
3617,NTHGLFT,2022-08-13,16:08,103.0,80,AV SIEMPRE VIVA,R03,APELADA,23.0,27.0
3629,UM96201,2020-07-03,11:28,92.0,80,AV SIEMPRE VIVA,R02,PAGADA,12.0,16.0
3643,CT5B876,2020-09-06,10:30,122.0,60,RUTA 9,R02,APELADA,62.0,65.0
3647,990XYK,2020-03-05,20:34,112.0,60,AV LIBERTADOR,R03,IMPAGA,52.0,55.0
3648,WEFLYN,2020-10-04,20:34,45.0,40,AV LIBERTADOR,R03,IMPAGA,5.0,7.0
3659,6NCE831,2021-02-24,20:34,82.0,40,RUTA 9,R01,APELADA,42.0,44.0
3666,W326AVE,2020-08-28,16:11,117.0,40,AV SIEMPRE VIVA,R03,APELADA,77.0,79.0
3679,HK06YMX,2023-10-25,16:12,108.0,40,AV LIBERTADOR,R02,PAGADA,68.0,70.0
3683,HK06YMX,2020-09-08,10:32,65.0,60,AV LIBERTADOR,R01,PAGADA,5.0,8.0
3685,GN64OTP,2020-10-27,10:32,94.0,80,AV LIBERTADOR,R01,PAGADA,14.0,18.0
3695,DI2LOT,2023-01-25,16:13,106.0,40,AV LIBERTADOR,R03,PAGADA,66.0,68.0
3696,6611172,2023-11-29,20:35,77.0,80,AV SIEMPRE VIVA,R03,APELADA,-3.0,1.0
3717,NHZ1002,2024-01-01,10:33,95.0,60,RUTA 9,R01,IMPAGA,35.0,38.0
3719,BM351,2023-12-24,11:30,92.0,80,AV LIBERTADOR,R03,APELADA,12.0,16.0
3724,W326AVE,2024-01-23,20:37,118.0,80,AV LIBERTADOR,R01,APELADA,38.0,42.0
3730,J1S1,2023-04-26,20:37,126.0,80,RUTA 9,R01,PAGADA,46.0,50.0
3734,UM96201,2024-02-07,20:37,95.0,80,RUTA 9,R01,APELADA,15.0,19.0
3746,GCP332,2020-07-17,20:38,110.0,80,AV LIBERTADOR,R03,APELADA,30.0,34.0
3756,CBMUK,2022-08-01,20:39,132.0,80,RUTA 9,R02,APELADA,52.0,56.0
3767,BM351,2023-03-10,10:35,120.0,60,AV LIBERTADOR,R03,PAGADA,60.0,63.0
3782,WU08YWC,2022-03-29,20:41,128.0,80,AV SIEMPRE VIVA,R01,PAGADA,48.0,52.0
3785,GOOGLE,2021-07-24,16:16,55.0,40,AV LIBERTADOR,R02,APELADA,15.0,17.0
3792,M431ZW,2023-05-10,20:41,143.0,80,RUTA 9,R01,APELADA,63.0,67.0
3794,VTIIAHV,2020-02-06,20:41,58.0,60,RUTA 9,R01,PAGADA,-2.0,1.0
3798,HF3461,2023-12-10,11:32,79.0,40,AV SIEMPRE VIVA,R02,PAGADA,39.0,41.0
3800,VTIIAHV,2021-06-30,20:42,63.0,60,AV LIBERTADOR,R01,PAGADA,3.0,6.0
3808,M431ZW,2022-09-16,10:36,76.0,40,AV LIBERTADOR,R03,APELADA,36.0,38.0
3809,UW3932,2020-06-10,11:33,121.0,60,AV SIEMPRE VIVA,R02,IMPAGA,61.0,64.0
3818,GLEN1E,2022-11-25,16:17,77.0,80,AV SIEMPRE VIVA,R02,APELADA,-3.0,1.0
3824,WU08YWC,2022-09-04,16:18,100.0,40,AV LIBERTADOR,R01,APELADA,60.0,62.0
3827,M431ZW,2023-03-10,16:18,58.0,40,RUTA 9,R03,IMPAGA,18.0,20.0
3838,6EVY261,2021-12-01,20:43,98.0,60,AV SIEMPRE VIVA,R03,APELADA,38.0,41.0
3844,691XC80,2023-11-12,11:35,111.0,40,AV SIEMPRE VIVA,R02,APELADA,71.0,73.0
3853,BP717,2021-07-26,11:35,105.0,80,AV LIBERTADOR,R02,PAGADA,25.0,29.0
3861,81ZFJD,2020-10-07,20:44,150.0,80,AV LIBERTADOR,R01,IMPAGA,70.0,74.0
3863,6EVY261,2022-12-31,10:38,71.0,40,AV LIBERTADOR,R02,PAGADA,31.0,33.0
3864,WU08YWC,2021-05-07,20:44,112.0,60,RUTA 9,R01,IMPAGA,52.0,55.0
3874,TL03GOG,2021-04-24,11:37,108.0,40,AV SIEMPRE VIVA,R01,APELADA,68.0,70.0
3876,NTHGLFT,2021-11-28,10:38,97.0,80,AV SIEMPRE VIVA,R02,APELADA,17.0,21.0
3899,WEFLYN,2020-11-04,10:39,92.0,80,AV SIEMPRE VIVA,R01,APELADA,12.0,16.0
3900,691XC80,2023-12-30,10:39,75.0,40,RUTA 9,R03,IMPAGA,35.0,37.0
3907,41RSTZ,2020-10-09,20:46,85.0,80,AV LIBERTADOR,R03,PAGADA,5.0,9.0
3909,WU341A,2022-03-25,11:38,124.0,80,RUTA 9,R01,IMPAGA,44.0,48.0
3911,TL03GOG,2024-02-07,20:47,158.0,80,AV LIBERTADOR,R01,PAGADA,78.0,82.0
3913,VNK296GP,2022-09-24,16:22,135.0,80,RUTA 9,R03,APELADA,55.0,59.0
3919,DK414N,2023-04-15,10:40,121.0,60,AV SIEMPRE VIVA,R01,IMPAGA,61.0,64.0
3926,MVU4688,2022-06-21,20:47,130.0,60,AV LIBERTADOR,R01,PAGADA,70.0,73.0
3938,691XC80,2021-05-05,10:41,64.0,40,AV LIBERTADOR,R03,IMPAGA,24.0,26.0
3939,RFH373,2020-05-01,20:47,143.0,80,AV LIBERTADOR,R03,IMPAGA,63.0,67.0
3954,PIW4215,2021-07-31,10:41,130.0,60,AV SIEMPRE VIVA,R01,IMPAGA,70.0,73.0
3956,81ZFJD,2020-10-30,11:41,118.0,80,AV LIBERTADOR,R01,APELADA,38.0,42.0
3960,MPX9357,2020-09-17,11:41,124.0,60,AV LIBERTADOR,R03,APELADA,64.0,67.0
3965,CD05601,2023-12-31,16:24,79.0,80,RUTA 9,R03,IMPAGA,-1.0,3.0
3966,FD1475,2023-04-22,10:42,131.0,80,RUTA 9,R02,APELADA,51.0,55.0
3967,MX60NZA,2022-06-22,16:24,123.0,80,AV LIBERTADOR,R01,PAGADA,43.0,47.0
3968,BB8986,2021-12-21,11:41,91.0,40,AV SIEMPRE VIVA,R01,IMPAGA,51.0,53.0
3971,DK414N,2020-07-28,10:42,119.0,80,AV LIBERTADOR,R03,APELADA,39.0,43.0
3982,409,2020-02-13,20:49,88.0,40,RUTA 9,R02,PAGADA,48.0,50.0
3990,M20CPR,2022-02-05,10:42,92.0,40,AV SIEMPRE VIVA,R01,IMPAGA,52.0,54.0
